<?xml version="1.0" encoding="UTF-8"?>
<root>
  <item name="com.hsalf.smilerating.BaseRating.Coordinate">
    <annotation name="android.support.annotation.IntDef">
      <val name="value" val="{com.hsalf.smilerating.BaseRating.POINT_1, com.hsalf.smilerating.BaseRating.POINT_2, com.hsalf.smilerating.BaseRating.COTROL_POINT_1, com.hsalf.smilerating.BaseRating.COTROL_POINT_2}" />
    </annotation>
  </item>
  <item name="com.hsalf.smilerating.BaseRating.Eye eyeSide">
    <annotation name="android.support.annotation.IntDef">
      <val name="value" val="{com.hsalf.smilerating.BaseRating.Eye.LEFT, com.hsalf.smilerating.BaseRating.Eye.RIGHT}" />
    </annotation>
  </item>
  <item name="com.hsalf.smilerating.BaseRating.Eye.EyeSide">
    <annotation name="android.support.annotation.IntDef">
      <val name="value" val="{com.hsalf.smilerating.BaseRating.Eye.LEFT, com.hsalf.smilerating.BaseRating.Eye.RIGHT}" />
    </annotation>
  </item>
  <item name="com.hsalf.smilerating.BaseRating.EyeEmotion com.hsalf.smilerating.BaseRating.Eye prepareEye(com.hsalf.smilerating.BaseRating.Eye, android.animation.FloatEvaluator, float, int) 3">
    <annotation name="android.support.annotation.IntDef">
      <val name="value" val="{com.hsalf.smilerating.BaseRating.TERRIBLE, com.hsalf.smilerating.BaseRating.BAD, com.hsalf.smilerating.BaseRating.OKAY, com.hsalf.smilerating.BaseRating.GOOD, com.hsalf.smilerating.BaseRating.GREAT}" />
    </annotation>
  </item>
  <item name="com.hsalf.smilerating.BaseRating.Smile Smile(int) 0">
    <annotation name="android.support.annotation.IntDef">
      <val name="value" val="{com.hsalf.smilerating.BaseRating.Smile.MIRROR, com.hsalf.smilerating.BaseRating.Smile.INDEPENDENT, com.hsalf.smilerating.BaseRating.Smile.MIRROR_INVERSE, com.hsalf.smilerating.BaseRating.Smile.STRAIGHT}" />
    </annotation>
  </item>
  <item name="com.hsalf.smilerating.BaseRating.Smile void transform(int, float, float) 0">
    <annotation name="android.support.annotation.IntDef">
      <val name="value" val="{com.hsalf.smilerating.BaseRating.Smile.LEFT, com.hsalf.smilerating.BaseRating.Smile.RIGHT, com.hsalf.smilerating.BaseRating.Smile.ALL}" />
    </annotation>
  </item>
  <item name="com.hsalf.smilerating.BaseRating.Smile.Mode">
    <annotation name="android.support.annotation.IntDef">
      <val name="value" val="{com.hsalf.smilerating.BaseRating.Smile.MIRROR, com.hsalf.smilerating.BaseRating.Smile.INDEPENDENT, com.hsalf.smilerating.BaseRating.Smile.MIRROR_INVERSE, com.hsalf.smilerating.BaseRating.Smile.STRAIGHT}" />
    </annotation>
  </item>
  <item name="com.hsalf.smilerating.BaseRating.Smile.Side">
    <annotation name="android.support.annotation.IntDef">
      <val name="value" val="{com.hsalf.smilerating.BaseRating.Smile.LEFT, com.hsalf.smilerating.BaseRating.Smile.RIGHT, com.hsalf.smilerating.BaseRating.Smile.ALL}" />
    </annotation>
  </item>
  <item name="com.hsalf.smilerating.BaseRating.Smiley">
    <annotation name="android.support.annotation.IntDef">
      <val name="value" val="{com.hsalf.smilerating.BaseRating.TERRIBLE, com.hsalf.smilerating.BaseRating.BAD, com.hsalf.smilerating.BaseRating.OKAY, com.hsalf.smilerating.BaseRating.GOOD, com.hsalf.smilerating.BaseRating.GREAT}" />
    </annotation>
  </item>
  <item name="com.hsalf.smilerating.BaseRating.Smileys com.hsalf.smilerating.BaseRating.Eye getEye(int) 0">
    <annotation name="android.support.annotation.IntDef">
      <val name="value" val="{com.hsalf.smilerating.BaseRating.Eye.LEFT, com.hsalf.smilerating.BaseRating.Eye.RIGHT}" />
    </annotation>
  </item>
  <item name="com.hsalf.smilerating.BaseRating.Smileys com.hsalf.smilerating.BaseRating.Smile getSmile(int) 0">
    <annotation name="android.support.annotation.IntDef">
      <val name="value" val="{com.hsalf.smilerating.BaseRating.TERRIBLE, com.hsalf.smilerating.BaseRating.BAD, com.hsalf.smilerating.BaseRating.OKAY, com.hsalf.smilerating.BaseRating.GOOD, com.hsalf.smilerating.BaseRating.GREAT}" />
    </annotation>
  </item>
  <item name="com.hsalf.smilerating.BaseRating.Smileys void createMirrorSmile(com.hsalf.smilerating.BaseRating.Point, com.hsalf.smilerating.BaseRating.Point, com.hsalf.smilerating.BaseRating.Point, com.hsalf.smilerating.BaseRating.Point, com.hsalf.smilerating.BaseRating.Point, int) 5">
    <annotation name="android.support.annotation.IntDef">
      <val name="value" val="{com.hsalf.smilerating.BaseRating.TERRIBLE, com.hsalf.smilerating.BaseRating.BAD, com.hsalf.smilerating.BaseRating.OKAY, com.hsalf.smilerating.BaseRating.GOOD, com.hsalf.smilerating.BaseRating.GREAT}" />
    </annotation>
  </item>
  <item name="com.hsalf.smilerating.BaseRating.Smileys void createSmile(com.hsalf.smilerating.BaseRating.Point, com.hsalf.smilerating.BaseRating.Point, com.hsalf.smilerating.BaseRating.Point, com.hsalf.smilerating.BaseRating.Point, com.hsalf.smilerating.BaseRating.Point, int, int, float, float, float) 5">
    <annotation name="android.support.annotation.IntDef">
      <val name="value" val="{com.hsalf.smilerating.BaseRating.Smile.MIRROR, com.hsalf.smilerating.BaseRating.Smile.INDEPENDENT, com.hsalf.smilerating.BaseRating.Smile.MIRROR_INVERSE, com.hsalf.smilerating.BaseRating.Smile.STRAIGHT}" />
    </annotation>
  </item>
  <item name="com.hsalf.smilerating.BaseRating.Smileys void createSmile(com.hsalf.smilerating.BaseRating.Point, com.hsalf.smilerating.BaseRating.Point, com.hsalf.smilerating.BaseRating.Point, com.hsalf.smilerating.BaseRating.Point, com.hsalf.smilerating.BaseRating.Point, int, int, float, float, float) 6">
    <annotation name="android.support.annotation.IntDef">
      <val name="value" val="{com.hsalf.smilerating.BaseRating.TERRIBLE, com.hsalf.smilerating.BaseRating.BAD, com.hsalf.smilerating.BaseRating.OKAY, com.hsalf.smilerating.BaseRating.GOOD, com.hsalf.smilerating.BaseRating.GREAT}" />
    </annotation>
  </item>
  <item name="com.hsalf.smilerating.SmileRating float getFractionBySmiley(int) 0">
    <annotation name="android.support.annotation.IntDef">
      <val name="value" val="{com.hsalf.smilerating.BaseRating.TERRIBLE, com.hsalf.smilerating.BaseRating.BAD, com.hsalf.smilerating.BaseRating.OKAY, com.hsalf.smilerating.BaseRating.GOOD, com.hsalf.smilerating.BaseRating.GREAT}" />
    </annotation>
  </item>
  <item name="com.hsalf.smilerating.SmileRating float getScale(int) 0">
    <annotation name="android.support.annotation.IntDef">
      <val name="value" val="{com.hsalf.smilerating.BaseRating.TERRIBLE, com.hsalf.smilerating.BaseRating.BAD, com.hsalf.smilerating.BaseRating.OKAY, com.hsalf.smilerating.BaseRating.GOOD, com.hsalf.smilerating.BaseRating.GREAT}" />
    </annotation>
  </item>
  <item name="com.hsalf.smilerating.SmileRating int getSelectedSmile()">
    <annotation name="android.support.annotation.IntDef">
      <val name="value" val="{com.hsalf.smilerating.BaseRating.TERRIBLE, com.hsalf.smilerating.BaseRating.BAD, com.hsalf.smilerating.BaseRating.OKAY, com.hsalf.smilerating.BaseRating.GOOD, com.hsalf.smilerating.BaseRating.GREAT}" />
    </annotation>
  </item>
  <item name="com.hsalf.smilerating.SmileRating mNearestSmile">
    <annotation name="android.support.annotation.IntDef">
      <val name="value" val="{com.hsalf.smilerating.BaseRating.TERRIBLE, com.hsalf.smilerating.BaseRating.BAD, com.hsalf.smilerating.BaseRating.OKAY, com.hsalf.smilerating.BaseRating.GOOD, com.hsalf.smilerating.BaseRating.GREAT}" />
    </annotation>
  </item>
  <item name="com.hsalf.smilerating.SmileRating mPendingActionSmile">
    <annotation name="android.support.annotation.IntDef">
      <val name="value" val="{com.hsalf.smilerating.BaseRating.TERRIBLE, com.hsalf.smilerating.BaseRating.BAD, com.hsalf.smilerating.BaseRating.OKAY, com.hsalf.smilerating.BaseRating.GOOD, com.hsalf.smilerating.BaseRating.GREAT}" />
    </annotation>
  </item>
  <item name="com.hsalf.smilerating.SmileRating mPreviousSmile">
    <annotation name="android.support.annotation.IntDef">
      <val name="value" val="{com.hsalf.smilerating.BaseRating.TERRIBLE, com.hsalf.smilerating.BaseRating.BAD, com.hsalf.smilerating.BaseRating.OKAY, com.hsalf.smilerating.BaseRating.GOOD, com.hsalf.smilerating.BaseRating.GREAT}" />
    </annotation>
  </item>
  <item name="com.hsalf.smilerating.SmileRating mSelectedSmile">
    <annotation name="android.support.annotation.IntDef">
      <val name="value" val="{com.hsalf.smilerating.BaseRating.TERRIBLE, com.hsalf.smilerating.BaseRating.BAD, com.hsalf.smilerating.BaseRating.OKAY, com.hsalf.smilerating.BaseRating.GOOD, com.hsalf.smilerating.BaseRating.GREAT}" />
    </annotation>
  </item>
  <item name="com.hsalf.smilerating.SmileRating void createEyeLocation(com.hsalf.smilerating.BaseRating.Smileys, float, float, float, int, android.graphics.Path, android.graphics.Path, float) 4">
    <annotation name="android.support.annotation.IntDef">
      <val name="value" val="{com.hsalf.smilerating.BaseRating.TERRIBLE, com.hsalf.smilerating.BaseRating.BAD, com.hsalf.smilerating.BaseRating.OKAY, com.hsalf.smilerating.BaseRating.GOOD, com.hsalf.smilerating.BaseRating.GREAT}" />
    </annotation>
  </item>
  <item name="com.hsalf.smilerating.SmileRating void findNearestSmile(float, int, int) 1">
    <annotation name="android.support.annotation.IntDef">
      <val name="value" val="{com.hsalf.smilerating.BaseRating.TERRIBLE, com.hsalf.smilerating.BaseRating.BAD, com.hsalf.smilerating.BaseRating.OKAY, com.hsalf.smilerating.BaseRating.GOOD, com.hsalf.smilerating.BaseRating.GREAT}" />
    </annotation>
  </item>
  <item name="com.hsalf.smilerating.SmileRating void findNearestSmile(float, int, int) 2">
    <annotation name="android.support.annotation.IntDef">
      <val name="value" val="{com.hsalf.smilerating.BaseRating.TERRIBLE, com.hsalf.smilerating.BaseRating.BAD, com.hsalf.smilerating.BaseRating.OKAY, com.hsalf.smilerating.BaseRating.GOOD, com.hsalf.smilerating.BaseRating.GREAT}" />
    </annotation>
  </item>
  <item name="com.hsalf.smilerating.SmileRating void setNameForSmile(int, java.lang.String) 0">
    <annotation name="android.support.annotation.IntDef">
      <val name="value" val="{com.hsalf.smilerating.BaseRating.TERRIBLE, com.hsalf.smilerating.BaseRating.BAD, com.hsalf.smilerating.BaseRating.OKAY, com.hsalf.smilerating.BaseRating.GOOD, com.hsalf.smilerating.BaseRating.GREAT}" />
    </annotation>
  </item>
  <item name="com.hsalf.smilerating.SmileRating void setSelectedSmile(int) 0">
    <annotation name="android.support.annotation.IntDef">
      <val name="value" val="{com.hsalf.smilerating.BaseRating.TERRIBLE, com.hsalf.smilerating.BaseRating.BAD, com.hsalf.smilerating.BaseRating.OKAY, com.hsalf.smilerating.BaseRating.GOOD, com.hsalf.smilerating.BaseRating.GREAT}" />
    </annotation>
  </item>
  <item name="com.hsalf.smilerating.SmileRating void setSelectedSmile(int, boolean) 0">
    <annotation name="android.support.annotation.IntDef">
      <val name="value" val="{com.hsalf.smilerating.BaseRating.TERRIBLE, com.hsalf.smilerating.BaseRating.BAD, com.hsalf.smilerating.BaseRating.OKAY, com.hsalf.smilerating.BaseRating.GOOD, com.hsalf.smilerating.BaseRating.GREAT}" />
    </annotation>
  </item>
  <item name="com.hsalf.smilerating.SmileRating void setSelectedSmile(int, com.hsalf.smilerating.BaseRating.Point, boolean, boolean) 0">
    <annotation name="android.support.annotation.IntDef">
      <val name="value" val="{com.hsalf.smilerating.BaseRating.TERRIBLE, com.hsalf.smilerating.BaseRating.BAD, com.hsalf.smilerating.BaseRating.OKAY, com.hsalf.smilerating.BaseRating.GOOD, com.hsalf.smilerating.BaseRating.GREAT}" />
    </annotation>
  </item>
  <item name="com.hsalf.smilerating.SmileRating.Face smileType">
    <annotation name="android.support.annotation.IntDef">
      <val name="value" val="{com.hsalf.smilerating.BaseRating.TERRIBLE, com.hsalf.smilerating.BaseRating.BAD, com.hsalf.smilerating.BaseRating.OKAY, com.hsalf.smilerating.BaseRating.GOOD, com.hsalf.smilerating.BaseRating.GREAT}" />
    </annotation>
  </item>
  <item name="com.hsalf.smilerating.SmileRating.OnSmileySelectionListener void onSmileySelected(int, boolean) 0">
    <annotation name="android.support.annotation.IntDef">
      <val name="value" val="{com.hsalf.smilerating.BaseRating.TERRIBLE, com.hsalf.smilerating.BaseRating.BAD, com.hsalf.smilerating.BaseRating.OKAY, com.hsalf.smilerating.BaseRating.GOOD, com.hsalf.smilerating.BaseRating.GREAT}" />
    </annotation>
  </item>
</root>

